DROP TABLE [dbo].[Resultaat];
DROP TABLE [dbo].[Algorithm];
DROP TABLE [dbo].[Categorie];

CREATE TABLE [dbo].[Categorie] (
    [Id]   INT           IDENTITY (1, 1) NOT NULL,
    [Naam] VARCHAR (MAX) NOT NULL,
    PRIMARY KEY CLUSTERED ([Id] ASC)
);

CREATE TABLE [dbo].[Algorithm] (
    [Id]                INT           IDENTITY (1, 1) NOT NULL,
    [categorieId]       INT           NOT NULL,
    [nummer]            INT           NOT NULL,
    [afbeelding]        VARCHAR (MAX) NOT NULL,
    [algorithmSolution] VARCHAR (MAX) NULL,
    [actief]            BIT           NOT NULL,
    PRIMARY KEY CLUSTERED ([Id] ASC),
    FOREIGN KEY ([categorieId]) REFERENCES [dbo].[Categorie] ([Id])
);

CREATE TABLE [dbo].[Resultaat] (
    [Id]          INT            IDENTITY (1, 1) NOT NULL,
    [Sessie]      INT            NOT NULL,
    [AlgorithmId] INT            NOT NULL,
    [Datum]       DATETIME       NOT NULL,
    [Tijd]        DECIMAL (5, 2) NOT NULL,
    PRIMARY KEY CLUSTERED ([Id] ASC),
    FOREIGN KEY ([AlgorithmId]) REFERENCES [dbo].[Algorithm] ([Id])
);

SET IDENTITY_INSERT [dbo].[Categorie] ON
INSERT INTO [dbo].[Categorie] ([Id], [Naam]) VALUES (1, N'No Edges Flipped Correctly')
INSERT INTO [dbo].[Categorie] ([Id], [Naam]) VALUES (2, N'I Shapes')
INSERT INTO [dbo].[Categorie] ([Id], [Naam]) VALUES (3, N'L Shapes')
INSERT INTO [dbo].[Categorie] ([Id], [Naam]) VALUES (4, N'Lightning Bolts')
INSERT INTO [dbo].[Categorie] ([Id], [Naam]) VALUES (5, N'Fish Shapes')
INSERT INTO [dbo].[Categorie] ([Id], [Naam]) VALUES (6, N'Squares')
INSERT INTO [dbo].[Categorie] ([Id], [Naam]) VALUES (7, N'Knight Move Shapes')
INSERT INTO [dbo].[Categorie] ([Id], [Naam]) VALUES (8, N'Awkward Shapes')
INSERT INTO [dbo].[Categorie] ([Id], [Naam]) VALUES (9, N'P Shapes')
INSERT INTO [dbo].[Categorie] ([Id], [Naam]) VALUES (10, N'T Shapes')
INSERT INTO [dbo].[Categorie] ([Id], [Naam]) VALUES (11, N'C Shapes')
INSERT INTO [dbo].[Categorie] ([Id], [Naam]) VALUES (12, N'W Shapes')
INSERT INTO [dbo].[Categorie] ([Id], [Naam]) VALUES (13, N'All Edges Oriented Correctly')
INSERT INTO [dbo].[Categorie] ([Id], [Naam]) VALUES (14, N'Corners Correct, EdgesFlipped')
INSERT INTO [dbo].[Categorie] ([Id], [Naam]) VALUES (15, N'Unsorted')
SET IDENTITY_INSERT [dbo].[Categorie] OFF

SET IDENTITY_INSERT [dbo].[Algorithm] ON
INSERT INTO [dbo].[Algorithm] ([Id], [categorieId], [nummer], [afbeelding], [algorithmSolution], [actief]) VALUES (1, 1, 24, N'oll1.gif', N'R U2 R'' (R'' F R F'') U2'' (R'' F R F'')', 1)
INSERT INTO [dbo].[Algorithm] ([Id], [categorieId], [nummer], [afbeelding], [algorithmSolution], [actief]) VALUES (2, 1, 12, N'oll2.gif', N'[F (R U R'' U'') F'' ] [f (R U R'' U'') f'']', 1)
INSERT INTO [dbo].[Algorithm] ([Id], [categorieId], [nummer], [afbeelding], [algorithmSolution], [actief]) VALUES (3, 1, 10, N'oll3.gif', N'([f (R U R'' U'') f''] U [F (R U R'' U'') F'' ])', 1)
INSERT INTO [dbo].[Algorithm] ([Id], [categorieId], [nummer], [afbeelding], [algorithmSolution], [actief]) VALUES (4, 1, 11, N'oll4.gif', N'[f (R U R'' U'') f''] U'' [F (R U R'' U'') F'' ]', 0)
INSERT INTO [dbo].[Algorithm] ([Id], [categorieId], [nummer], [afbeelding], [algorithmSolution], [actief]) VALUES (5, 1, 31, N'oll5.gif', N'(R U R'' U) (R'' F R F'') U2 (R'' F R F'')', 1)
INSERT INTO [dbo].[Algorithm] ([Id], [categorieId], [nummer], [afbeelding], [algorithmSolution], [actief]) VALUES (6, 1, 32, N'oll6.gif', N'[F (R U R'' U) F''] y'' U2 (R'' F R F'')', 1)
INSERT INTO [dbo].[Algorithm] ([Id], [categorieId], [nummer], [afbeelding], [algorithmSolution], [actief]) VALUES (7, 1, 26, N'oll7.gif', N'M U (R U R'' U'') M'' (R'' F R F'')', 1)
INSERT INTO [dbo].[Algorithm] ([Id], [categorieId], [nummer], [afbeelding], [algorithmSolution], [actief]) VALUES (8, 1, 18, N'oll8.gif', N'M U (R U R'' U'') M2 (U R U'' r'')', 1)
INSERT INTO [dbo].[Algorithm] ([Id], [categorieId], [nummer], [afbeelding], [algorithmSolution], [actief]) VALUES (9, 2, 49, N'oll9.gif', N'R'' U2 R2 U R'' U R U2 x'' U'' R'' U', 1)
INSERT INTO [dbo].[Algorithm] ([Id], [categorieId], [nummer], [afbeelding], [algorithmSolution], [actief]) VALUES (10, 2, 19, N'oll10.gif', N'F (R U R'' U'') R F'' (r U R'' U'') r', 1)
INSERT INTO [dbo].[Algorithm] ([Id], [categorieId], [nummer], [afbeelding], [algorithmSolution], [actief]) VALUES (11, 2, 5, N'oll11.gif', N'[f (R U R'' U'') (R U R'' U'') f'']', 1)
INSERT INTO [dbo].[Algorithm] ([Id], [categorieId], [nummer], [afbeelding], [algorithmSolution], [actief]) VALUES (12, 2, 30, N'oll12.gif', N'(R U R'' U) R d'' R U'' R'' F', 1)
INSERT INTO [dbo].[Algorithm] ([Id], [categorieId], [nummer], [afbeelding], [algorithmSolution], [actief]) VALUES (13, 3, 39, N'oll13.gif', N'(r U R'' U) (R U'' R'' U) R U2'' r', 1)
INSERT INTO [dbo].[Algorithm] ([Id], [categorieId], [nummer], [afbeelding], [algorithmSolution], [actief]) VALUES (14, 3, 40, N'oll14.gif', N'l'' U'' L U'' L'' U L U'' L'' U2 l', 1)
INSERT INTO [dbo].[Algorithm] ([Id], [categorieId], [nummer], [afbeelding], [algorithmSolution], [actief]) VALUES (15, 3, 27, N'oll15.gif', N'(R'' F R'' F'') R2 U2 y (R'' F R F'')', 1)
INSERT INTO [dbo].[Algorithm] ([Id], [categorieId], [nummer], [afbeelding], [algorithmSolution], [actief]) VALUES (16, 3, 53, N'oll16.gif', N'R'' F R2 B'' R2'' F'' R2 B R', 1)
INSERT INTO [dbo].[Algorithm] ([Id], [categorieId], [nummer], [afbeelding], [algorithmSolution], [actief]) VALUES (17, 3, 2, N'oll17.gif', N'F (R U R'' U'') (R U R'' U'') F''', 1)
INSERT INTO [dbo].[Algorithm] ([Id], [categorieId], [nummer], [afbeelding], [algorithmSolution], [actief]) VALUES (18, 3, 7, N'oll18.gif', N'F'' (L'' U'' L U) (L'' U'' L U) F', 1)
INSERT INTO [dbo].[Algorithm] ([Id], [categorieId], [nummer], [afbeelding], [algorithmSolution], [actief]) VALUES (19, 4, 34, N'oll19.gif', N'(r U R'' U) R U2 r''', 1)
INSERT INTO [dbo].[Algorithm] ([Id], [categorieId], [nummer], [afbeelding], [algorithmSolution], [actief]) VALUES (20, 4, 43, N'oll20.gif', N'r'' U'' R U'' R'' U2 r', 1)
INSERT INTO [dbo].[Algorithm] ([Id], [categorieId], [nummer], [afbeelding], [algorithmSolution], [actief]) VALUES (21, 4, 8, N'oll21.gif', N'[F (R U R'' U'') F''] U [F (R U R'' U'') F'' ]', 1)
INSERT INTO [dbo].[Algorithm] ([Id], [categorieId], [nummer], [afbeelding], [algorithmSolution], [actief]) VALUES (22, 4, 9, N'oll22.gif', N'[F'' (L'' U'' L U) F] y [F (R U R'' U'') F'']', 0)
INSERT INTO [dbo].[Algorithm] ([Id], [categorieId], [nummer], [afbeelding], [algorithmSolution], [actief]) VALUES (23, 5, 56, N'oll23.gif', N'(R'' U'' R) y'' x'' (R U'') (R'' F) (R U R'')', 1)
INSERT INTO [dbo].[Algorithm] ([Id], [categorieId], [nummer], [afbeelding], [algorithmSolution], [actief]) VALUES (24, 5, 57, N'oll24.gif', N'R U R'' y R'' F R U'' R'' F'' R', 1)
INSERT INTO [dbo].[Algorithm] ([Id], [categorieId], [nummer], [afbeelding], [algorithmSolution], [actief]) VALUES (25, 6, 33, N'oll25.gif', N'r'' U2 (R U R'' U) r', 1)
INSERT INTO [dbo].[Algorithm] ([Id], [categorieId], [nummer], [afbeelding], [algorithmSolution], [actief]) VALUES (26, 6, 41, N'oll26.gif', N'r U2 R'' U'' R U'' r''', 1)
INSERT INTO [dbo].[Algorithm] ([Id], [categorieId], [nummer], [afbeelding], [algorithmSolution], [actief]) VALUES (27, 7, 46, N'oll27.gif', N'F U R U'' R2 F'' R (U R U'' R'')', 1)
INSERT INTO [dbo].[Algorithm] ([Id], [categorieId], [nummer], [afbeelding], [algorithmSolution], [actief]) VALUES (28, 7, 47, N'oll28.gif', N'R'' F R U R'' F'' R y'' (R U'' R'')', 0)
INSERT INTO [dbo].[Algorithm] ([Id], [categorieId], [nummer], [afbeelding], [algorithmSolution], [actief]) VALUES (29, 7, 14, N'oll29.gif', N'(r U r'') (R U R'' U'') (r U'' r'')', 1)
INSERT INTO [dbo].[Algorithm] ([Id], [categorieId], [nummer], [afbeelding], [algorithmSolution], [actief]) VALUES (30, 7, 15, N'oll30.gif', N'(l'' U'' l) (L'' U'' L U) (l'' U l)', 1)
INSERT INTO [dbo].[Algorithm] ([Id], [categorieId], [nummer], [afbeelding], [algorithmSolution], [actief]) VALUES (31, 8, 38, N'oll31.gif', N'[(R U R'' U) R U2 R''] [F (R U R'' U'') F'']', 1)
INSERT INTO [dbo].[Algorithm] ([Id], [categorieId], [nummer], [afbeelding], [algorithmSolution], [actief]) VALUES (32, 8, 37, N'oll32.gif', N'[ R'' U2 (R U R'' U) R] y [F (R U R'' U'') F''] ', 1)
INSERT INTO [dbo].[Algorithm] ([Id], [categorieId], [nummer], [afbeelding], [algorithmSolution], [actief]) VALUES (33, 8, 55, N'oll33.gif', N'(R2 U R'' B'' R) U'' (R2 U R B R'')', 1)
INSERT INTO [dbo].[Algorithm] ([Id], [categorieId], [nummer], [afbeelding], [algorithmSolution], [actief]) VALUES (34, 8, 54, N'oll34.gif', N'(R U R'' U'') R U'' R'' F'' U'' F (R U R'')', 1)
INSERT INTO [dbo].[Algorithm] ([Id], [categorieId], [nummer], [afbeelding], [algorithmSolution], [actief]) VALUES (35, 9, 50, N'oll35.gif', N'R U B'' U'' R'' U R B R''', 1)
INSERT INTO [dbo].[Algorithm] ([Id], [categorieId], [nummer], [afbeelding], [algorithmSolution], [actief]) VALUES (36, 9, 51, N'oll36.gif', N'R'' U'' F U R U'' R'' F'' R', 1)
INSERT INTO [dbo].[Algorithm] ([Id], [categorieId], [nummer], [afbeelding], [algorithmSolution], [actief]) VALUES (37, 5, 42, N'oll37.gif', N'F R U'' R'' U'' R U R'' F''', 0)
INSERT INTO [dbo].[Algorithm] ([Id], [categorieId], [nummer], [afbeelding], [algorithmSolution], [actief]) VALUES (38, 9, 4, N'oll38.gif', N'f (R U R'' U'') f''', 1)
INSERT INTO [dbo].[Algorithm] ([Id], [categorieId], [nummer], [afbeelding], [algorithmSolution], [actief]) VALUES (39, 9, 6, N'oll39.gif', N'f '' (L'' U'' L U) f', 1)
INSERT INTO [dbo].[Algorithm] ([Id], [categorieId], [nummer], [afbeelding], [algorithmSolution], [actief]) VALUES (40, 5, 25, N'oll40.gif', N'(R U2 R'') (R'' F R F'') (R U2 R'')', 1)
INSERT INTO [dbo].[Algorithm] ([Id], [categorieId], [nummer], [afbeelding], [algorithmSolution], [actief]) VALUES (41, 10, 1, N'oll41.gif', N'[F (R U R'' U'') F'']', 1)
INSERT INTO [dbo].[Algorithm] ([Id], [categorieId], [nummer], [afbeelding], [algorithmSolution], [actief]) VALUES (42, 10, 20, N'oll42.gif', N'(R U R'' U'') (R'' F R F'')', 1)
INSERT INTO [dbo].[Algorithm] ([Id], [categorieId], [nummer], [afbeelding], [algorithmSolution], [actief]) VALUES (43, 4, 52, N'oll43.gif', N'R B'' R'' U'' R U B U'' R'' ', 0)
INSERT INTO [dbo].[Algorithm] ([Id], [categorieId], [nummer], [afbeelding], [algorithmSolution], [actief]) VALUES (44, 4, 16, N'oll44.gif', N'R'' [F (R U R'' U'') F''] U R', 0)
INSERT INTO [dbo].[Algorithm] ([Id], [categorieId], [nummer], [afbeelding], [algorithmSolution], [actief]) VALUES (45, 11, 45, N'oll45.gif', N'(R U R2 U'') (R'' F) (R U) (R U'') F''', 0)
INSERT INTO [dbo].[Algorithm] ([Id], [categorieId], [nummer], [afbeelding], [algorithmSolution], [actief]) VALUES (46, 11, 23, N'oll46.gif', N'R'' U'' (R'' F R F'') U R', 1)
INSERT INTO [dbo].[Algorithm] ([Id], [categorieId], [nummer], [afbeelding], [algorithmSolution], [actief]) VALUES (47, 12, 28, N'oll47.gif', N'(R U R'' U) (R U'' R'' U'') (R'' F R F'')', 1)
INSERT INTO [dbo].[Algorithm] ([Id], [categorieId], [nummer], [afbeelding], [algorithmSolution], [actief]) VALUES (48, 12, 29, N'oll48.gif', N'(L'' U'' L U'') (L'' U L U) (L F'' L'' F)', 1)
INSERT INTO [dbo].[Algorithm] ([Id], [categorieId], [nummer], [afbeelding], [algorithmSolution], [actief]) VALUES (49, 13, 3, N'oll49.gif', N'F (R U R'' U'') (R U R'' U'') (R U R'' U'') F''', 1)
INSERT INTO [dbo].[Algorithm] ([Id], [categorieId], [nummer], [afbeelding], [algorithmSolution], [actief]) VALUES (50, 13, 13, N'oll50.gif', N'[f (R U R'' U'') f''] [F (R U R'' U'') F'']', 1)
INSERT INTO [dbo].[Algorithm] ([Id], [categorieId], [nummer], [afbeelding], [algorithmSolution], [actief]) VALUES (51, 13, 48, N'oll51.gif', N'R2 [D (R'' U2) R] [D'' (R'' U2) R'']', 1)
INSERT INTO [dbo].[Algorithm] ([Id], [categorieId], [nummer], [afbeelding], [algorithmSolution], [actief]) VALUES (52, 13, 21, N'oll52.gif', N'(r U R'' U'') (r'' F R F'')', 1)
INSERT INTO [dbo].[Algorithm] ([Id], [categorieId], [nummer], [afbeelding], [algorithmSolution], [actief]) VALUES (53, 13, 22, N'oll53.gif', N'F'' (r U R'' U'') (r'' F R )', 1)
INSERT INTO [dbo].[Algorithm] ([Id], [categorieId], [nummer], [afbeelding], [algorithmSolution], [actief]) VALUES (54, 13, 36, N'oll54.gif', N'(R U2 R'' U'' R U'' R'')', 1)
INSERT INTO [dbo].[Algorithm] ([Id], [categorieId], [nummer], [afbeelding], [algorithmSolution], [actief]) VALUES (55, 13, 35, N'oll55.gif', N'(R U R'' U) R U2 R''', 0)
INSERT INTO [dbo].[Algorithm] ([Id], [categorieId], [nummer], [afbeelding], [algorithmSolution], [actief]) VALUES (56, 14, 17, N'oll56.gif', N'(R U R'' U'') M'' (U R U'' r'')', 1)
INSERT INTO [dbo].[Algorithm] ([Id], [categorieId], [nummer], [afbeelding], [algorithmSolution], [actief]) VALUES (57, 14, 44, N'oll57.gif', N'M'' U M U2 M'' U M', 0)
SET IDENTITY_INSERT [dbo].[Algorithm] OFF

SET IDENTITY_INSERT [dbo].[Resultaat] ON
INSERT INTO [dbo].[Resultaat] ([Id], [Sessie], [AlgorithmId], [Datum], [Tijd]) VALUES (1, 1, 14, N'2017-03-30 23:16:21', CAST(2.36 AS Decimal(5, 2)))
INSERT INTO [dbo].[Resultaat] ([Id], [Sessie], [AlgorithmId], [Datum], [Tijd]) VALUES (2, 1, 25, N'2017-03-30 23:16:29', CAST(1.33 AS Decimal(5, 2)))
INSERT INTO [dbo].[Resultaat] ([Id], [Sessie], [AlgorithmId], [Datum], [Tijd]) VALUES (3, 1, 39, N'2017-03-30 23:18:46', CAST(7.26 AS Decimal(5, 2)))
INSERT INTO [dbo].[Resultaat] ([Id], [Sessie], [AlgorithmId], [Datum], [Tijd]) VALUES (4, 2, 26, N'2017-03-30 23:52:26', CAST(6.22 AS Decimal(5, 2)))
INSERT INTO [dbo].[Resultaat] ([Id], [Sessie], [AlgorithmId], [Datum], [Tijd]) VALUES (5, 2, 32, N'2017-03-30 23:52:45', CAST(2.81 AS Decimal(5, 2)))
INSERT INTO [dbo].[Resultaat] ([Id], [Sessie], [AlgorithmId], [Datum], [Tijd]) VALUES (6, 2, 28, N'2017-03-30 23:53:14', CAST(3.65 AS Decimal(5, 2)))
INSERT INTO [dbo].[Resultaat] ([Id], [Sessie], [AlgorithmId], [Datum], [Tijd]) VALUES (7, 2, 43, N'2017-03-30 23:53:33', CAST(2.87 AS Decimal(5, 2)))
INSERT INTO [dbo].[Resultaat] ([Id], [Sessie], [AlgorithmId], [Datum], [Tijd]) VALUES (8, 2, 19, N'2017-03-30 23:54:11', CAST(2.77 AS Decimal(5, 2)))
INSERT INTO [dbo].[Resultaat] ([Id], [Sessie], [AlgorithmId], [Datum], [Tijd]) VALUES (23, 3, 30, N'2017-04-08 09:55:08', CAST(1.01 AS Decimal(5, 2)))
INSERT INTO [dbo].[Resultaat] ([Id], [Sessie], [AlgorithmId], [Datum], [Tijd]) VALUES (24, 3, 47, N'2017-04-08 09:55:16', CAST(5.67 AS Decimal(5, 2)))
INSERT INTO [dbo].[Resultaat] ([Id], [Sessie], [AlgorithmId], [Datum], [Tijd]) VALUES (25, 4, 49, N'2017-04-08 12:14:32', CAST(1.67 AS Decimal(5, 2)))
INSERT INTO [dbo].[Resultaat] ([Id], [Sessie], [AlgorithmId], [Datum], [Tijd]) VALUES (26, 4, 25, N'2017-04-08 12:14:36', CAST(0.96 AS Decimal(5, 2)))
INSERT INTO [dbo].[Resultaat] ([Id], [Sessie], [AlgorithmId], [Datum], [Tijd]) VALUES (53, 5, 29, N'2017-04-08 20:16:26', CAST(0.32 AS Decimal(5, 2)))
INSERT INTO [dbo].[Resultaat] ([Id], [Sessie], [AlgorithmId], [Datum], [Tijd]) VALUES (54, 5, 57, N'2017-04-08 20:16:31', CAST(2.34 AS Decimal(5, 2)))
INSERT INTO [dbo].[Resultaat] ([Id], [Sessie], [AlgorithmId], [Datum], [Tijd]) VALUES (55, 5, 15, N'2017-04-08 20:17:37', CAST(1.50 AS Decimal(5, 2)))
INSERT INTO [dbo].[Resultaat] ([Id], [Sessie], [AlgorithmId], [Datum], [Tijd]) VALUES (56, 6, 15, N'2017-04-12 17:46:37', CAST(1.80 AS Decimal(5, 2)))
INSERT INTO [dbo].[Resultaat] ([Id], [Sessie], [AlgorithmId], [Datum], [Tijd]) VALUES (57, 6, 18, N'2017-04-12 17:46:37', CAST(1.71 AS Decimal(5, 2)))
INSERT INTO [dbo].[Resultaat] ([Id], [Sessie], [AlgorithmId], [Datum], [Tijd]) VALUES (58, 6, 55, N'2017-04-12 17:46:37', CAST(1.70 AS Decimal(5, 2)))
INSERT INTO [dbo].[Resultaat] ([Id], [Sessie], [AlgorithmId], [Datum], [Tijd]) VALUES (59, 6, 15, N'2017-04-12 17:46:37', CAST(1.61 AS Decimal(5, 2)))
INSERT INTO [dbo].[Resultaat] ([Id], [Sessie], [AlgorithmId], [Datum], [Tijd]) VALUES (60, 6, 1, N'2017-04-12 17:46:37', CAST(2.24 AS Decimal(5, 2)))
INSERT INTO [dbo].[Resultaat] ([Id], [Sessie], [AlgorithmId], [Datum], [Tijd]) VALUES (61, 6, 15, N'2017-04-12 17:46:37', CAST(1.81 AS Decimal(5, 2)))
INSERT INTO [dbo].[Resultaat] ([Id], [Sessie], [AlgorithmId], [Datum], [Tijd]) VALUES (77, 6, 44, N'2017-04-12 17:46:37', CAST(1.74 AS Decimal(5, 2)))
INSERT INTO [dbo].[Resultaat] ([Id], [Sessie], [AlgorithmId], [Datum], [Tijd]) VALUES (78, 6, 34, N'2017-04-12 17:46:37', CAST(1.92 AS Decimal(5, 2)))
INSERT INTO [dbo].[Resultaat] ([Id], [Sessie], [AlgorithmId], [Datum], [Tijd]) VALUES (79, 6, 16, N'2017-04-12 17:46:37', CAST(2.06 AS Decimal(5, 2)))
INSERT INTO [dbo].[Resultaat] ([Id], [Sessie], [AlgorithmId], [Datum], [Tijd]) VALUES (80, 6, 45, N'2017-04-12 17:46:37', CAST(2.02 AS Decimal(5, 2)))
INSERT INTO [dbo].[Resultaat] ([Id], [Sessie], [AlgorithmId], [Datum], [Tijd]) VALUES (135, 6, 41, N'2017-04-12 17:46:37', CAST(1.91 AS Decimal(5, 2)))
INSERT INTO [dbo].[Resultaat] ([Id], [Sessie], [AlgorithmId], [Datum], [Tijd]) VALUES (136, 6, 51, N'2017-04-12 17:46:37', CAST(2.36 AS Decimal(5, 2)))
INSERT INTO [dbo].[Resultaat] ([Id], [Sessie], [AlgorithmId], [Datum], [Tijd]) VALUES (137, 7, 10, N'2017-04-12 17:55:30', CAST(2.14 AS Decimal(5, 2)))
INSERT INTO [dbo].[Resultaat] ([Id], [Sessie], [AlgorithmId], [Datum], [Tijd]) VALUES (138, 7, 48, N'2017-04-12 17:55:30', CAST(2.03 AS Decimal(5, 2)))
INSERT INTO [dbo].[Resultaat] ([Id], [Sessie], [AlgorithmId], [Datum], [Tijd]) VALUES (139, 7, 42, N'2017-04-12 17:55:30', CAST(2.69 AS Decimal(5, 2)))
INSERT INTO [dbo].[Resultaat] ([Id], [Sessie], [AlgorithmId], [Datum], [Tijd]) VALUES (140, 7, 29, N'2017-04-12 17:55:30', CAST(3.14 AS Decimal(5, 2)))
INSERT INTO [dbo].[Resultaat] ([Id], [Sessie], [AlgorithmId], [Datum], [Tijd]) VALUES (141, 7, 33, N'2017-04-12 17:55:30', CAST(3.26 AS Decimal(5, 2)))
INSERT INTO [dbo].[Resultaat] ([Id], [Sessie], [AlgorithmId], [Datum], [Tijd]) VALUES (142, 7, 33, N'2017-04-12 17:55:30', CAST(3.30 AS Decimal(5, 2)))
INSERT INTO [dbo].[Resultaat] ([Id], [Sessie], [AlgorithmId], [Datum], [Tijd]) VALUES (195, 7, 56, N'2017-04-12 17:55:30', CAST(1.35 AS Decimal(5, 2)))
INSERT INTO [dbo].[Resultaat] ([Id], [Sessie], [AlgorithmId], [Datum], [Tijd]) VALUES (196, 7, 3, N'2017-04-12 17:55:30', CAST(1.34 AS Decimal(5, 2)))
INSERT INTO [dbo].[Resultaat] ([Id], [Sessie], [AlgorithmId], [Datum], [Tijd]) VALUES (197, 7, 56, N'2017-04-12 17:55:30', CAST(1.16 AS Decimal(5, 2)))
INSERT INTO [dbo].[Resultaat] ([Id], [Sessie], [AlgorithmId], [Datum], [Tijd]) VALUES (198, 7, 51, N'2017-04-12 17:55:30', CAST(2.55 AS Decimal(5, 2)))
INSERT INTO [dbo].[Resultaat] ([Id], [Sessie], [AlgorithmId], [Datum], [Tijd]) VALUES (199, 7, 49, N'2017-04-12 17:55:30', CAST(1.95 AS Decimal(5, 2)))
INSERT INTO [dbo].[Resultaat] ([Id], [Sessie], [AlgorithmId], [Datum], [Tijd]) VALUES (200, 7, 56, N'2017-04-12 17:55:30', CAST(1.20 AS Decimal(5, 2)))
INSERT INTO [dbo].[Resultaat] ([Id], [Sessie], [AlgorithmId], [Datum], [Tijd]) VALUES (201, 7, 22, N'2017-04-12 17:55:30', CAST(1.12 AS Decimal(5, 2)))
INSERT INTO [dbo].[Resultaat] ([Id], [Sessie], [AlgorithmId], [Datum], [Tijd]) VALUES (202, 7, 18, N'2017-04-12 17:55:30', CAST(0.96 AS Decimal(5, 2)))
INSERT INTO [dbo].[Resultaat] ([Id], [Sessie], [AlgorithmId], [Datum], [Tijd]) VALUES (203, 7, 47, N'2017-04-12 17:55:30', CAST(3.79 AS Decimal(5, 2)))
INSERT INTO [dbo].[Resultaat] ([Id], [Sessie], [AlgorithmId], [Datum], [Tijd]) VALUES (204, 7, 22, N'2017-04-12 17:55:30', CAST(1.78 AS Decimal(5, 2)))
INSERT INTO [dbo].[Resultaat] ([Id], [Sessie], [AlgorithmId], [Datum], [Tijd]) VALUES (205, 7, 39, N'2017-04-12 17:55:30', CAST(4.24 AS Decimal(5, 2)))
INSERT INTO [dbo].[Resultaat] ([Id], [Sessie], [AlgorithmId], [Datum], [Tijd]) VALUES (206, 7, 36, N'2017-04-12 17:55:30', CAST(3.48 AS Decimal(5, 2)))
INSERT INTO [dbo].[Resultaat] ([Id], [Sessie], [AlgorithmId], [Datum], [Tijd]) VALUES (207, 7, 34, N'2017-04-12 17:55:30', CAST(2.06 AS Decimal(5, 2)))
INSERT INTO [dbo].[Resultaat] ([Id], [Sessie], [AlgorithmId], [Datum], [Tijd]) VALUES (208, 7, 21, N'2017-04-12 17:55:30', CAST(2.72 AS Decimal(5, 2)))
INSERT INTO [dbo].[Resultaat] ([Id], [Sessie], [AlgorithmId], [Datum], [Tijd]) VALUES (209, 7, 22, N'2017-04-12 17:55:30', CAST(0.96 AS Decimal(5, 2)))
INSERT INTO [dbo].[Resultaat] ([Id], [Sessie], [AlgorithmId], [Datum], [Tijd]) VALUES (210, 7, 19, N'2017-04-12 17:55:30', CAST(1.23 AS Decimal(5, 2)))
INSERT INTO [dbo].[Resultaat] ([Id], [Sessie], [AlgorithmId], [Datum], [Tijd]) VALUES (211, 7, 19, N'2017-04-12 17:55:30', CAST(1.36 AS Decimal(5, 2)))
INSERT INTO [dbo].[Resultaat] ([Id], [Sessie], [AlgorithmId], [Datum], [Tijd]) VALUES (212, 7, 19, N'2017-04-12 17:55:30', CAST(1.54 AS Decimal(5, 2)))
INSERT INTO [dbo].[Resultaat] ([Id], [Sessie], [AlgorithmId], [Datum], [Tijd]) VALUES (213, 7, 19, N'2017-04-12 17:55:30', CAST(2.00 AS Decimal(5, 2)))
INSERT INTO [dbo].[Resultaat] ([Id], [Sessie], [AlgorithmId], [Datum], [Tijd]) VALUES (214, 8, 49, N'2017-04-12 18:01:59', CAST(0.55 AS Decimal(5, 2)))
INSERT INTO [dbo].[Resultaat] ([Id], [Sessie], [AlgorithmId], [Datum], [Tijd]) VALUES (215, 8, 55, N'2017-04-12 18:01:59', CAST(3.50 AS Decimal(5, 2)))
INSERT INTO [dbo].[Resultaat] ([Id], [Sessie], [AlgorithmId], [Datum], [Tijd]) VALUES (216, 8, 53, N'2017-04-12 18:01:59', CAST(0.51 AS Decimal(5, 2)))
INSERT INTO [dbo].[Resultaat] ([Id], [Sessie], [AlgorithmId], [Datum], [Tijd]) VALUES (217, 8, 2, N'2017-04-12 18:01:59', CAST(3.26 AS Decimal(5, 2)))
INSERT INTO [dbo].[Resultaat] ([Id], [Sessie], [AlgorithmId], [Datum], [Tijd]) VALUES (218, 8, 48, N'2017-04-12 18:01:59', CAST(1.34 AS Decimal(5, 2)))
INSERT INTO [dbo].[Resultaat] ([Id], [Sessie], [AlgorithmId], [Datum], [Tijd]) VALUES (219, 8, 39, N'2017-04-12 18:01:59', CAST(3.62 AS Decimal(5, 2)))
INSERT INTO [dbo].[Resultaat] ([Id], [Sessie], [AlgorithmId], [Datum], [Tijd]) VALUES (220, 8, 27, N'2017-04-12 18:01:59', CAST(3.62 AS Decimal(5, 2)))
INSERT INTO [dbo].[Resultaat] ([Id], [Sessie], [AlgorithmId], [Datum], [Tijd]) VALUES (221, 8, 7, N'2017-04-12 18:01:59', CAST(0.67 AS Decimal(5, 2)))
INSERT INTO [dbo].[Resultaat] ([Id], [Sessie], [AlgorithmId], [Datum], [Tijd]) VALUES (222, 8, 44, N'2017-04-12 18:01:59', CAST(3.91 AS Decimal(5, 2)))
INSERT INTO [dbo].[Resultaat] ([Id], [Sessie], [AlgorithmId], [Datum], [Tijd]) VALUES (223, 8, 9, N'2017-04-12 18:01:59', CAST(4.99 AS Decimal(5, 2)))
INSERT INTO [dbo].[Resultaat] ([Id], [Sessie], [AlgorithmId], [Datum], [Tijd]) VALUES (238, 8, 19, N'2017-04-12 18:01:59', CAST(0.35 AS Decimal(5, 2)))
INSERT INTO [dbo].[Resultaat] ([Id], [Sessie], [AlgorithmId], [Datum], [Tijd]) VALUES (239, 8, 44, N'2017-04-12 18:01:59', CAST(3.10 AS Decimal(5, 2)))
INSERT INTO [dbo].[Resultaat] ([Id], [Sessie], [AlgorithmId], [Datum], [Tijd]) VALUES (240, 8, 2, N'2017-04-12 18:01:59', CAST(3.06 AS Decimal(5, 2)))
INSERT INTO [dbo].[Resultaat] ([Id], [Sessie], [AlgorithmId], [Datum], [Tijd]) VALUES (261, 9, 26, N'2017-04-23 20:31:17', CAST(1.88 AS Decimal(5, 2)))
INSERT INTO [dbo].[Resultaat] ([Id], [Sessie], [AlgorithmId], [Datum], [Tijd]) VALUES (262, 9, 57, N'2017-04-23 20:31:17', CAST(1.86 AS Decimal(5, 2)))
INSERT INTO [dbo].[Resultaat] ([Id], [Sessie], [AlgorithmId], [Datum], [Tijd]) VALUES (263, 9, 49, N'2017-04-23 20:31:17', CAST(3.04 AS Decimal(5, 2)))
INSERT INTO [dbo].[Resultaat] ([Id], [Sessie], [AlgorithmId], [Datum], [Tijd]) VALUES (264, 9, 47, N'2017-04-23 20:31:17', CAST(2.92 AS Decimal(5, 2)))
INSERT INTO [dbo].[Resultaat] ([Id], [Sessie], [AlgorithmId], [Datum], [Tijd]) VALUES (265, 9, 32, N'2017-04-23 20:31:17', CAST(3.76 AS Decimal(5, 2)))
INSERT INTO [dbo].[Resultaat] ([Id], [Sessie], [AlgorithmId], [Datum], [Tijd]) VALUES (266, 9, 44, N'2017-04-23 20:31:17', CAST(2.02 AS Decimal(5, 2)))
INSERT INTO [dbo].[Resultaat] ([Id], [Sessie], [AlgorithmId], [Datum], [Tijd]) VALUES (267, 9, 7, N'2017-04-23 20:31:17', CAST(2.02 AS Decimal(5, 2)))
INSERT INTO [dbo].[Resultaat] ([Id], [Sessie], [AlgorithmId], [Datum], [Tijd]) VALUES (268, 9, 7, N'2017-04-23 20:31:17', CAST(2.02 AS Decimal(5, 2)))
INSERT INTO [dbo].[Resultaat] ([Id], [Sessie], [AlgorithmId], [Datum], [Tijd]) VALUES (380, 9, 7, N'2017-04-23 20:31:17', CAST(1.75 AS Decimal(5, 2)))
INSERT INTO [dbo].[Resultaat] ([Id], [Sessie], [AlgorithmId], [Datum], [Tijd]) VALUES (381, 9, 7, N'2017-04-23 20:31:17', CAST(1.59 AS Decimal(5, 2)))
INSERT INTO [dbo].[Resultaat] ([Id], [Sessie], [AlgorithmId], [Datum], [Tijd]) VALUES (382, 9, 18, N'2017-04-23 20:31:17', CAST(1.25 AS Decimal(5, 2)))
INSERT INTO [dbo].[Resultaat] ([Id], [Sessie], [AlgorithmId], [Datum], [Tijd]) VALUES (383, 9, 18, N'2017-04-23 20:31:17', CAST(1.79 AS Decimal(5, 2)))
INSERT INTO [dbo].[Resultaat] ([Id], [Sessie], [AlgorithmId], [Datum], [Tijd]) VALUES (384, 10, 35, N'2017-04-23 21:00:53', CAST(1.10 AS Decimal(5, 2)))
INSERT INTO [dbo].[Resultaat] ([Id], [Sessie], [AlgorithmId], [Datum], [Tijd]) VALUES (385, 10, 40, N'2017-04-23 21:00:53', CAST(1.16 AS Decimal(5, 2)))
INSERT INTO [dbo].[Resultaat] ([Id], [Sessie], [AlgorithmId], [Datum], [Tijd]) VALUES (386, 10, 37, N'2017-04-23 21:00:53', CAST(1.63 AS Decimal(5, 2)))
INSERT INTO [dbo].[Resultaat] ([Id], [Sessie], [AlgorithmId], [Datum], [Tijd]) VALUES (387, 10, 37, N'2017-04-23 21:00:53', CAST(1.17 AS Decimal(5, 2)))
INSERT INTO [dbo].[Resultaat] ([Id], [Sessie], [AlgorithmId], [Datum], [Tijd]) VALUES (388, 10, 52, N'2017-04-23 21:00:53', CAST(1.57 AS Decimal(5, 2)))
INSERT INTO [dbo].[Resultaat] ([Id], [Sessie], [AlgorithmId], [Datum], [Tijd]) VALUES (389, 10, 23, N'2017-04-23 21:00:53', CAST(1.03 AS Decimal(5, 2)))
INSERT INTO [dbo].[Resultaat] ([Id], [Sessie], [AlgorithmId], [Datum], [Tijd]) VALUES (390, 10, 31, N'2017-04-23 21:00:53', CAST(1.22 AS Decimal(5, 2)))
INSERT INTO [dbo].[Resultaat] ([Id], [Sessie], [AlgorithmId], [Datum], [Tijd]) VALUES (391, 10, 54, N'2017-04-23 21:00:53', CAST(1.48 AS Decimal(5, 2)))
INSERT INTO [dbo].[Resultaat] ([Id], [Sessie], [AlgorithmId], [Datum], [Tijd]) VALUES (392, 10, 4, N'2017-04-23 21:00:53', CAST(1.33 AS Decimal(5, 2)))
INSERT INTO [dbo].[Resultaat] ([Id], [Sessie], [AlgorithmId], [Datum], [Tijd]) VALUES (393, 10, 38, N'2017-04-23 21:00:53', CAST(1.48 AS Decimal(5, 2)))
INSERT INTO [dbo].[Resultaat] ([Id], [Sessie], [AlgorithmId], [Datum], [Tijd]) VALUES (394, 10, 13, N'2017-04-23 21:00:53', CAST(1.09 AS Decimal(5, 2)))
INSERT INTO [dbo].[Resultaat] ([Id], [Sessie], [AlgorithmId], [Datum], [Tijd]) VALUES (396, 10, 5, N'2017-04-23 21:00:53', CAST(1.22 AS Decimal(5, 2)))
INSERT INTO [dbo].[Resultaat] ([Id], [Sessie], [AlgorithmId], [Datum], [Tijd]) VALUES (398, 10, 20, N'2017-04-23 21:00:53', CAST(2.43 AS Decimal(5, 2)))
INSERT INTO [dbo].[Resultaat] ([Id], [Sessie], [AlgorithmId], [Datum], [Tijd]) VALUES (399, 10, 12, N'2017-04-23 21:00:53', CAST(1.50 AS Decimal(5, 2)))
INSERT INTO [dbo].[Resultaat] ([Id], [Sessie], [AlgorithmId], [Datum], [Tijd]) VALUES (400, 10, 17, N'2017-04-23 21:00:53', CAST(2.61 AS Decimal(5, 2)))
INSERT INTO [dbo].[Resultaat] ([Id], [Sessie], [AlgorithmId], [Datum], [Tijd]) VALUES (401, 10, 8, N'2017-04-23 21:00:53', CAST(1.59 AS Decimal(5, 2)))
INSERT INTO [dbo].[Resultaat] ([Id], [Sessie], [AlgorithmId], [Datum], [Tijd]) VALUES (402, 10, 11, N'2017-04-23 21:00:53', CAST(1.90 AS Decimal(5, 2)))
SET IDENTITY_INSERT [dbo].[Resultaat] OFF
